id,title,score,num_comments,author,created_utc,url,over_18,edited,spoiler,stickied
1e8bn9v,What does “Semantic Layer” mean to you?,95,67,AMDataLake,2024-07-21 02:05:34,https://www.reddit.com/r/dataengineering/comments/1e8bn9v/what_does_semantic_layer_mean_to_you/,False,False,False,False
1e8hbnz,So many useless data pipelines are getting created…,39,7,Bright_Bunch_7208,2024-07-21 08:03:14,https://www.reddit.com/r/dataengineering/comments/1e8hbnz/so_many_useless_data_pipelines_are_getting_created/,False,False,False,False
1e8qpba,I passed the GCP Data Engineer Cert without prior professional exp on the platform,35,10,EdenC13,2024-07-21 16:50:00,https://www.reddit.com/r/dataengineering/comments/1e8qpba/i_passed_the_gcp_data_engineer_cert_without_prior/,False,False,False,False
1e8b146,Personal projects you use in your day to day life?,24,34,Ultra_Amp,2024-07-21 01:30:56,https://www.reddit.com/r/dataengineering/comments/1e8b146/personal_projects_you_use_in_your_day_to_day_life/,False,False,False,False
1e8a5rk,Where to post blogs?,23,13,ksco92,2024-07-21 00:44:07,https://www.reddit.com/r/dataengineering/comments/1e8a5rk/where_to_post_blogs/,False,False,False,False
1e8n2gi,How micro is a Micro-Service,17,18,harpooooooon,2024-07-21 14:05:05,https://www.reddit.com/r/dataengineering/comments/1e8n2gi/how_micro_is_a_microservice/,False,False,False,False
1e8ak7j,What cloud services do I need,15,6,Brief-Union-3493,2024-07-21 01:05:02,https://www.reddit.com/r/dataengineering/comments/1e8ak7j/what_cloud_services_do_i_need/,False,False,False,False
1e8f6uj,Which MDM/RDM (Master/Reference data management) platform do you use in your organization and why?,8,4,Icy-Cod667,2024-07-21 05:37:25,https://www.reddit.com/r/dataengineering/comments/1e8f6uj/which_mdmrdm_masterreference_data_management/,False,False,False,False
1e8ww0w,Why create a fact table surrogate key if the table has a proper primary key?,17,10,Cultured_dude,2024-07-21 21:18:02,https://www.reddit.com/r/dataengineering/comments/1e8ww0w/why_create_a_fact_table_surrogate_key_if_the/,False,False,False,False
1e8irz1,Building Data Platforms from Scratch VS Third-Party Platforms,6,3,theoriginalmantooth,2024-07-21 09:51:15,https://www.reddit.com/r/dataengineering/comments/1e8irz1/building_data_platforms_from_scratch_vs/,False,False,False,False
1e8c56y,Documenting graph data,6,0,Bobsthejob,2024-07-21 02:32:40,https://www.reddit.com/r/dataengineering/comments/1e8c56y/documenting_graph_data/,False,False,False,False
1e8j9f0,Has anyone used the firestore to big query streaming extension. If then how can you partition the data? Is it possible to partition the data with a field available within the data field json?,2,0,gooner4lifejoe,2024-07-21 10:26:21,https://www.reddit.com/r/dataengineering/comments/1e8j9f0/has_anyone_used_the_firestore_to_big_query/,False,False,False,False
1e8vw6k,How to use shared lake storage with diff computes (spark/fabric/databricks) to avoid vendor lock-ins ?,1,0,rasviz,2024-07-21 20:33:58,https://www.reddit.com/r/dataengineering/comments/1e8vw6k/how_to_use_shared_lake_storage_with_diff_computes/,False,False,False,False
1e8o0j1,"How AI, ML, Gen AI, and LLM Are Related",0,1,Bubbly_Bed_4478,2024-07-21 14:50:16,https://www.reddit.com/r/dataengineering/comments/1e8o0j1/how_ai_ml_gen_ai_and_llm_are_related/,False,False,False,False
